network_name,common_aliases,Bridges,Field 4
Agoric,"BLD,Agoric",,
Akash,"AKT,Akash Network",,
Aleph Zero,"Aleph,AZERO",,
AlienX,ALIEN,,
Altlayer,"ALT,Altlayer",,
Ancient8,"Ancient,A8",,
Ape Chain,"APE,Apechain",,
Aptos,"APT,Aptos",,
Arbitrum,"ARB,Arbitrum One,arb1",,
Arbitrum Nova,"Nova,arbnova",,
Archway,ARCH,,
AseanX,ASEANX,,
AssetMantle,MNTL,,
Astar,"ASTR,Astar,Astar zkEVM,ASTR zkEVM",,
Aura Mainnet,Aura,,
Aurora,"AUR,Aurora",,
Avalanche,"AVAX,Avalanche C-Chain,avax-c",,
Axelar,"AXL,Axelar",,
B3,"B 3,B Three",,
B² Network,"B2,B Square,B²",,
Bahamut,BAHAMUT,,
Base,"BASE,Base Chain",,
Beam,BEAM,,
BEVM,BEVM,,
BiFrost,"BFC,Bifrost",,
BitCanna,BCNA,,
Bitcoin,"BTC,Bitcoin,Bitcoin Network",,
Bitcoin Cash,BCH,,
Bitgert,BRISE,,
Bitlayer,BITLAYER,,
Bitrock,"BIT,Bitrock Chain",,
BitSong,BTSG,,
BitTorrent,BTT,,
Blast,BLAST,,
BNB Chain,"BSC,Binance Smart Chain,bnb,Binance Chain,Binance",,
BOB,BOB Chain,,
Boba,"BOBA,Boba Network",,
Boba BNB,BobaBNB,,
BomeChain,BOME,,
BounceBit,BOUNCE,,
Callisto,CLO,,
Canto,CANTO,,
Carbon,"SWTH,Carbon",,
Cardano,ADA,,
Celestia,TIA,,
Celo,CELO,,
CheeseChain,CHEESE,,
Cheqd,CHEQ,,
Chihuahua,HUAHUA,,
Clique,CLIQUE,,
Clover P-Chain,"Clover,Clover chain",,
Codex,CODEX,,
Combo,COMBO,,
Comdex,CMDX,,
Conflux,"CFX,Conflux eSpace",,
Core Blockhain,CORE,,
Cosmos Hub,"ATOM,Cosmos,Hub",,
Crescent,"CRE,Crescent",,
Cronos,"CRO,Cronos Chain,Cronos zkEVM,CRO zkEVM",,
Cyber,CYBER,,
Dash,DASH,,
DeBank,DBC,,
Decentr,DEC,,
Degen,DEGEN,,
Desmos,DSM,,
Dexalot,ALOT,,
DFK Chain,"DFK,DeFi Kingdom",,
Doge,DOGE,,
Dogechain,Dogechain,,
dYdX,DYDX,,
Dymension,DYM,,
EBI Chain,EBI,,
Eclipse,ECLIPSE,,
Endurance,ENDURANCE,,
EOS,EOS,,
Ethereum,"ETH,Ethereum Mainnet,EVM,L1,Mainnet,ETH L1,Ethereum L1",,
Etherlink,ETHLINK,,
ETHW,"ETHW,ETHPoW",,
Evmos,Evmos,,
f(x)Core,FX,,
Fantom,"FTM,Sonic",,
Filecoin,FIL,,
Flame,FLAME,,
Flare,FLR,,
Flow,FLOW,,
Fluence,FLU,,
Forma,FORMA,,
Fractal Bitcoin,"FRACTAL,Fractal BTC",,
Fraxtal,"Fraxtal,FRAX",,
Fuel,FUEL,,
Funkichain,FUNKI,,
Fuse,"FUS,Fuse Chain",,
Fusion,FSN,,
Geist,GEIST,,
Gelios,GELIOS,,
GM Network,GM,,
Gnosis,"GNO,xDAI,Gnosis Chain",,
Gravity,"Gravity Chain,GNO",,
Gravity Bridge,Gravity Bridge,,
Ham,HAM,,
Harmony,"ONE,Harmony,Harmony One",,
Horizen EON,EON,,
Hychain,HYC,,
Hyperliquid,HYP,,
Immutable zkEVM,"IMX,Immutable X,Immutable",,
Impacthub,IMPACT,,
inEVM,Injective EVM,,
Injective,"INJ,Injective",,
Ink,"Inkonchain,Kraken",,
IOTA EVM,IOTA,,
IoTeX,IOTX,,
IRISnet,IRIS,,
Jackal,JKL,,
Juno,JUNO,,
Kaia,Kaia,,
Karak,Karak Network,,
Kava,"KAVA,Kava EVM",,
KCC,"KCC,KuCoin Chain",,
Klaytn,KLAY,,
Kroma,KROMA,,
Kujira,"KUJI,Kujira",,
Kusama,KSM,,
L3X,L3X,,
Lambda,LAMB,,
LightLink,"Light LInk,LL",,
LikeCoin,LIKE,,
Linea,LINEA,,
Lisk,LSK,,
Litecoin,LTC,,
Loopring,"LRC,Loop",,
Loot,LOOT,,
Lukso,LYX,,
Lum Network,LUM,,
Lumia Prism,PRISM,,
Lumio,LUMIO,,
Lyra,LYRA,,
Manta,MANTA,,
Mantle,MNT,,
MAP,"MAP,MAP protocol",,
Mars Hub,MARS,,
Merlin,MERL,,
Metal,"Metal L2,METAL",,
Meter,MTR,,
Metis,"MAM,Metis Andromeda",,
Mibchain,MIB,,
Migaloo,WHALE,,
Mint,"MINT,Mint Chain",,
Mode,MODE,,
Moonbeam,"MOO,Moonbeam",,
Moonriver,"MOVR,Moonriver",,
Morph,MORPH,,
Movement,"MOVE,MOVEVM",,
Muster,MUSTER,,
MXC zkEVM,MXC,,
Nahmii,NII,,
NAL,NAL,,
Nautilus Chain,"ZK,Nautilus",,
Neon,"Neon EVM,NEON",,
NERVOS,"CKB,Nervos",,
Neutron,"NTRN,Neutron",,
Noble,NOBLE,,
Nolus,NLS,,
Numbers,NUM,,
Oasis,OASIS,,
Oasys,OAS,,
OKBChain,"OKB,OKBNB",,
OKT,OKT,,
OKXChain,"OKEx,OKX,OKEx Chain,OKX Chain,OKExChain",,
OmniFlix,FLIX,,
opBNB,"opBNB,op BNB",,
Opside,OPSIDE,,
Optimism,"OP,Optimism Mainnet,opmainnet,OP Mainnet",,
Orderly Network,ORDERLY,,
Osmosis,"OSMO,Osmosis DEX",,
OX Chain,OX,,
paraDEX,ParaDEX,,
PEGO,PEGO,,
Persistence,"XPRT,Persistence",,
PGN,"Gitcoin,Public Goods Network",,
PlatON,LAT,,
Polkadot,DOT,,
Polygon,"MATIC,Polygon PoS,poly,POL",,
Polygon zkEVM,"zkEVM,Polygon zk",,
Proof of Play Apex,"POP,Play Apex,POP Apex",,
Proof of Play Boss,POP Boss,,
PulseChain,PLS,,
Q,Q Chain,,
Quicksilver,QCK,,
Race,"RACE,Race Mainnet",,
RARI,RARI Chain,,
Re.al,REAL,,
Redstone,RED,,
Regen,REGEN,,
Reya,REYA,,
Ripple,XRP,,
Rollux,RLX,,
Rootstock,"RSK,RootStock,RBTC",,
Router,Router Mainnet,,
RSS3,RSS3,,
Saakuru,SAAKURU,,
Sanko,SANKO,,
SatoshiVM,SATVM,,
Scroll,SCR,,
Secret,"SCRT,Secret Network",,
Sei,"SEI,Sei Network",,
Sentinel,DVPN,,
Shape,SHAPE,,
Shibarium,SHIB,,
Shiden,SDN,,
ShimmerEVM,"SMR,Shimmer",,
Sifchain,"SIF,Sifchain",,
Silicon,SILICON,,
Skale,"SKL,Skale Network",,
Snaxchain,"Snax,Snax Chain",,
Solana,SOL,,
Sommelier,SOMM,,
Songbird,SGB,,
Stack,STACK,,
Stargaze,"STARS,Stargaze",,
Starknet,"STRK,Stark",,
Stellar,XLM,,
Step,STEP,,
Stride,"STRD,Stride",,
Sui,SUI,,
Superposition,SUPER,,
Swan Chain,SWAN,,
SX Network,SX,,
Syndicate,SYN,,
Taiko,"TAI,Taiko",,
Taproot,TAP,,
Telos,"TLOS,Telos,Telos EVM",,
Tenet,TENET,,
Terra,"LUNA,Terra",,
Terra Classic,"LUNC,Classic",,
ThorChain,RUNE,,
ThunderCore,"TT,Thunder",,
TON,"TON,The Open Network",,
Tron,"TRX,TRON",,
"U2U Solaris
",U2U,,
Ultron,ULX,,
Umee,UMEE,,
Unit Zero,UNIT,,
Vanar,"VANAR,VANRY,Vanar Chain",,
Velas,"VEL,Velas",,
VinuChain,VINU,,
Vizing,VIZ,,
Wanchain,WAN,,
WEMIX,WEMIX,,
WINR,WINR,,
World Chain,"WORLD,WLD,Worldchain",,
X Layer,"XL,xlayer",,
Xai,XAI,,
XCHAIN,"XCH,x chain",,
XDC,"XDC,XinFin",,
XPLA,XPLA,,
Xterio Chain,"XTERIO,XTER",,
ZetaChain,"ZETA,Zeta Chain",,
Zircuit,ZIRCUIT,,
zkBase,"zkBASE,zk base",,
ZKFair,"ZKFR,zk fair",,
zkLink Nova,"zkLink,ZKL",,
ZKSpace,"ZKS,zk space",,
zkSync Era,"zkSync,zksync era,zk,zksyncera,zk sync",,
Zora,ZORA,,
Berachain,"BERA,Berachain",,
Corn,CORN,,
Doma,DOMA,,
Ethereal,ETHEREAL,,
Gunz,GUNZ,,
Hedera,"HBAR,Hedera",,
Hemi,HEMI,,
Katana,KATANA,,
Lens,"LENS,Lens Network",,
Lighter,LIGHTER,,
MegaETH,"MEGA,MegaETH",,
Monad,MONAD,,
Mythos,"MYTH,Mythos Chain",,
Nibiru,NIBIRU,,
Peaq,"PEAQ,peaq",,
Plasma,PLASMA,,
Plume,"PLUME,Plume Network",,
Ronin,"RON,Ronin",,
Soneium,"SONEIUM,Sony",,
Somnia,SOMNIA,,
Story,"STORY,Story Network",,
Superseed,SUPERSEED,,
Swell,"SWELL,SwellChain,Swell Chain",,
Tempo,TEMPO,,